page,page_name,row,col,button_label,button_colour,singular_composition,cue_id,catalog_status,catalog_origin,name_resolution,converted_in_deck_on_disk,cue_mode,cue_layout,cue_title,source_units_and_blocks,defect_id,defect,fix_owner,confidence
"2","Kab Shab 1","0","0","Hareini","#990033","Hareini","e1bd7775-ddf1-468b-b3f7-ac98f11df958","published","template","exact","true","template (content not in drafts export)","","","","","","","medium"
"2","Kab Shab 1","0","1","Light These Lights","#006699","Light These Lights","50da96e3-5b18-4bac-b95c-3f59927699c6","published","master","exact","true","original-en","left","Light These Lights","legacy-shabbat-evening:opening.candle-lighting-song@legacy-shabbat-evening#0/2","","","","high"
"2","Kab Shab 1","0","2","Shalom Alech","#006699","Shalom Aleichem all","703983e0-05d7-4ba7-82c7-3581311c6fd0","published","master","exact","true","bilingual","left","Shalom Aleichem","legacy-shabbat-evening:opening.angels-shalom-aleichem@legacy-shabbat-evening#0.1.2.3.12.13.14.15/17","D19","verses 1+4 combined; per-verse 2-4 only on page 6, verse 1 panel only on page 76","deck placement","medium"
"2","Kab Shab 1","0","3","Yom Zeh 1","#006699","Yom Zeh lYisrael","5f31b743-b54d-4b47-8872-6f63985d4203","published","master","exact","true","bilingual","left","Yom Zeh l'Yisrael","legacy-shabbat-evening:opening.additional-soul-yom-zeh-lyisrael@legacy-shabbat-evening#2.3.4.5.6.7/20","","","","high"
"2","Kab Shab 1","0","4","Ozi v'Zimrat","#59011f","Ozi vzimrat","316689ce-00df-4943-9ae8-938fb507031f","published","new","exact","true","custom","bottom","Psalm 118:14, Exodus 15:2","","","","","high"
"2","Kab Shab 1","0","5","Lcha Dodi 1","#006699","L'cha Dodi 1","e88c0333-db5f-4250-8afd-bbda364e39bb","published","master","exact","true","bilingual","left","L'Chah Dodi","shabbat-maariv:kabbalat.lcha-dodi@shabbat-maariv#0.1/29","D06","CRC 4-verse selection complete vs CRC evening book, but pinned to Shirei Shabbat text (spelling differs from CRC book); 5 further Shirei Shabbat verses have no cue","variant decision","high"
"2","Kab Shab 1","0","6","Starting Soon","#000066","Starting Soon","0cd20c42-8310-4ddf-bab9-72bab6113e04","published","master","exact","true","custom","bottom","Central Reform Congregation","","","","","high"
"2","Kab Shab 1","0","6","Starting Soon","#000066","Start soon right","","UNMAPPED","","exact","false","template (content not in drafts export)","","","","D12","side panel dropped under single-output ruling","none (ruled)","high"
"2","Kab Shab 1","1","0","House of Prayer","#990033","House of Prayer","a7740079-6ad7-4568-abe7-0bb102dfa274","published","master","exact","true","original-en","bottom","House of Prayer","legacy-shabbat-evening:opening.house-of-prayer@legacy-shabbat-evening#0/2","","","","high"
"2","Kab Shab 1","1","1","Candle Blessing","#990033","Candle LIghting","8a23af54-3594-4346-afc1-bef5497a5bd7","published","master","exact","true","bilingual","bottom","Shabbat Candle Lighting","legacy-shabbat-evening:opening.candles-candle-blessing@legacy-shabbat-evening#0.1.2.3.4/6","","","","high"
"2","Kab Shab 1","1","3","Yom Zeh 2","#006699","Yom Zeh lYisrael 2","c2e31718-3e6d-417f-acb5-0d294bbcedfd","published","master","exact","true","bilingual","left","Yom Zeh l'Yisrael","legacy-shabbat-evening:opening.additional-soul-yom-zeh-lyisrael@legacy-shabbat-evening#2.3.8.9.10.11/20","","","","high"
"2","Kab Shab 1","1","4","Yedid Nefesh","#012a3e","Yedid Nefesh","e7094f7e-e90b-44f4-9ddf-365b8cca8be8","published","master","exact","true","bilingual","left","Yedid Nefesh","shabbat-maariv:kabbalat.yedid-nefesh@shabbat-maariv#0/8","","","","high"
"2","Kab Shab 1","1","5","Lcha Dodi 2","#006699","L'cha Dodi 2","79b44d3c-f2de-44ee-ac5a-6ca8961e7884","published","master","exact","true","bilingual","left","L'Chah Dodi","shabbat-maariv:kabbalat.lcha-dodi@shabbat-maariv#0.3/29","D06","as L'cha Dodi 1","variant decision","high"
"2","Kab Shab 1","2","0","Hinei Ma Tov","#990033","Hinei Ma Tov","9c34f35c-7a84-4aa3-9233-80759fb63a64","published","master","exact","true","bilingual","bottom","Hineih Mah Tov","legacy-shabbat-morning:awakening.hineh-mah-tov@legacy-shabbat-morning#0.1/4","","","","high"
"2","Kab Shab 1","2","1","Shiru 1","#012a3e","Shiru La'Donai 1","62cbf67d-20bf-40e9-a5fe-18b0b3976a67","published","master","exact","true","bilingual","left","Shiru L'Adonai","shabbat-maariv:kabbalat.psalm-96@shabbat-maariv#0.1/10","D05","Psalm 96 (Shirei Shabbat maariv) blocks 0-1; block 1 repeats on Shiru 2; blocks 3-4 never shown; CRC evening book has no Psalm 96","content; variant decision","high"
"2","Kab Shab 1","2","3","Yom Zeh 3","#006699","Yom Zeh lYisrael 3","e2c3ce1c-731e-4162-ba48-f88c8a5e3a88","published","master","exact","true","bilingual","left","Yom Zeh l'Yisrael","legacy-shabbat-evening:opening.additional-soul-yom-zeh-lyisrael@legacy-shabbat-evening#2.3.12.13.14.15/20","","","","high"
"2","Kab Shab 1","2","4","Or Zarua","#59011f","Or Zarua","","UNMAPPED","","exact","false","template (content not in drafts export)","","","","D13","unmapped (Special comp, not in archive); candidate Shirei Shabbat Psalm 97 block 4 (vv11-12 'Or zaru'a latzadik') - unconfirmed","content after confirmation","low"
"2","Kab Shab 1","2","5","Lcha Dodi 3","#006699","L'cha Dodi 3","e6b242a4-22da-4008-b988-78145c53bfae","published","master","exact","true","bilingual","left","L'Chah Dodi","shabbat-maariv:kabbalat.lcha-dodi@shabbat-maariv#0.9/29","D06","verse 5 (hitoreri); as L'cha Dodi 1","variant decision","high"
"2","Kab Shab 1","3","0","Ana Bakoach","#59011f","Ana Bakoach","d7883f88-cec7-4583-8590-d526c336c5e7","published","master","exact","true","bilingual","bottom","Ana Bakoach","shabbat-maariv:kabbalat.ana-bkoach@shabbat-maariv#0/8","","","","high"
"2","Kab Shab 1","3","1","Shiru 2","#012a3e","Shiru La'Donai 2","56123a93-ba82-4a8d-83b7-0a38a47b809b","published","master","exact","true","bilingual","left","Shiru L'Adonai","shabbat-maariv:kabbalat.psalm-96@shabbat-maariv#1.2/10","D05","blocks 1-2 (block 1 duplicated from Shiru 1); no Shiru 3 for blocks 3-4","content; variant decision","high"
"2","Kab Shab 1","3","4","Mizmor l'David","#012a3e","Mizmor L'David","cca3d8e7-7f99-4ba5-8bbd-ba278d992fc4","published","hhd","exact","true","bilingual","left","Psalm 29","shabbat-maariv:kabbalat.psalm-29@shabbat-maariv#0.1.2/6","D07","Psalm 29 blocks 0-2 on one compact panel; block 3 is 'Mizmor L'David 2' (published) placed only on page 53","content rebalance + deck placement","high"
"2","Kab Shab 1","3","5","Lcha Dodi 4","#006699","L'cha Dodi 4","62458934-4a41-46d0-8ade-e4f595a1c239","published","master","exact","true","bilingual","left","L'Chah Dodi","shabbat-maariv:kabbalat.lcha-dodi@shabbat-maariv#0.17/29","D06","verse 9 (bo'i v'shalom); as L'cha Dodi 1","variant decision","high"
"3","Kab Shab 2","0","0","As We Bless","#59011f","As We Bless","1dc607cc-37fa-48d7-a13d-9030a28f332d","published","template","exact","true","template (content not in drafts export)","","","","","","","medium"
"3","Kab Shab 2","0","1","Ma'ariv Aravim/ Evening","#59011f","Maariv Arevim (Evening)","6be325d4-ee1f-442a-9c44-79c1950d57ac","published","master","exact","true","original-en","bottom","Ma'ariv Aravim","legacy-shabbat-evening:shma.maariv-aravim-evening-chant@legacy-shabbat-evening#0/2","","","","high"
"3","Kab Shab 2","0","2","Sh'ma","#990033","Shema","042e53fd-2f77-4b30-a951-13e7889e2297","published","master","exact","true","bilingual","bottom","The Sh'ma שְׁמַע","legacy-shabbat-evening:shma.the-shma@legacy-shabbat-evening#0.1.2/8","","","","high"
"3","Kab Shab 2","0","3","We Are Loved 1","#012a3e","We Are Loved 1","e62e68e1-08e3-4021-8806-e3118295f282","published","master","exact","true","original-en","left","We Are Loved","shma.unending-love@legacy-shabbat-morning#0/2","D01","722-char reading on one panel; Singular split it at 'too embittered to hear'","content (draft)","medium"
"3","Kab Shab 2","0","4","Vahavta 1","#006699","Vahavta 1","2ed003b5-5a9a-4923-8e1c-6722a69c0104","published","template","exact","true","template (content not in drafts export)","","","","","","","medium"
"3","Kab Shab 2","0","5","Mi Chamocha (Friday) 1","#006699","Mi Chamocha (Friday) 1","e8f2c035-e88e-4744-ab70-8625f9a77025","published","master","exact","true","bilingual","left","Mi Chamochah","legacy-shabbat-evening:shma.mi-chamochah@legacy-shabbat-evening#0.1.2.3.4.5.6/16","","","","high"
"3","Kab Shab 2","1","0","Barchu","#990033","Barechu","efa9fad4-f7d5-4091-a708-82103028861b","published","template","exact","true","bilingual","bottom","Bar'chu בָּרְכוּ","shma.barchu@legacy-shabbat-morning#0.1/2","","","","high"
"3","Kab Shab 2","1","1","Ma'ariv Aravim 1","#006699","Maariv Arevim 1","7b8ab1d5-a60f-435d-81cf-fff8ca9c08f0","published","master","exact","true","bilingual","left","Ma'ariv Aravim","legacy-shabbat-evening:shma.maariv-aravim@legacy-shabbat-evening#0.1.2.3.4.5.6.7/18","","","","high"
"3","Kab Shab 2","1","2","How Awesome /Shema","#012a3e","How Awesome / Shema","111297d8-29c7-44b1-837f-b71e20b7e74e","published","master","exact","true","bilingual","left","The Sh'ma","legacy-shabbat-evening:shma.the-shma@legacy-shabbat-evening#0.1.2/8","D03","same blocks as the Shema cue (The Sh'ma 0-2); Singular English lines 'How awesome is creation… Echad' missing","content + source ruling","high"
"3","Kab Shab 2","1","3","We Are Loved 2","#012a3e","We Are Loved 2","e62e68e1-08e3-4021-8806-e3118295f282","published","master","mapAliasOf:We Are Loved 1","true","original-en","left","We Are Loved","shma.unending-love@legacy-shabbat-morning#0/2","D01","catalog-map aliasOf We Are Loved 1: same cue id, so the two buttons toggle each other off and light together; no panel-2 cue exists","catalog map + content","high"
"3","Kab Shab 2","1","4","Vahavta 2","#006699","Vahavta 2","4343d861-686f-449a-9f4e-2943da5a59db","published","template","exact","true","bilingual","left","V'ahavta","shma.vahavta@legacy-shabbat-morning#9.10.11.12.13.14.15.16.17.18/19","","","","high"
"3","Kab Shab 2","1","5","Mi Chamocha (Friday) 2","#006699","Mi Chamocha (Friday) 2","7514e0b4-212a-4687-a153-9c6eb602e82d","published","master","exact","true","bilingual","left","Mi Chamochah","legacy-shabbat-evening:shma.mi-chamochah@legacy-shabbat-evening#7.8.9.10/16","","","","high"
"3","Kab Shab 2","2","0","Am I Awake/ Barchu","#006699","Am I Awake","23cc50be-1d16-4720-b073-d2ea207c4c12","published","master","exact","true","bilingual","left","Am I Awake / Barchu","legacy-shabbat-morning:shma.barchu@legacy-shabbat-morning#0.1/5","D02","English song lines missing (present in Singular archive text); cue = morning Bar'chu blocks 0-1 only; lyric not in maintained library","content + source ruling","high"
"3","Kab Shab 2","2","1","Ma'ariv Aravim 2","#006699","Maariv Arevim 2","48015508-912c-4a26-a20f-1023b1861b0c","published","master","exact","true","bilingual","left","Ma'ariv Aravim","legacy-shabbat-evening:shma.maariv-aravim@legacy-shabbat-evening#8.9.10.11.12.13.14.15.16/18","","","","high"
"3","Kab Shab 2","2","2","One Love","#006699","One Love","dd0db929-cddb-49a5-b871-045dd80a511a","published","new","exact","true","custom","left","One Love","","","","","high"
"3","Kab Shab 2","2","3","Ahavat Olam 1","#006699","Ahavat Olam 1","1e0f629f-65a7-4d12-985a-b83aa60cc62c","published","master","exact","true","bilingual","left","Ahavat Olam","legacy-shabbat-evening:shma.ahavat-olam@legacy-shabbat-evening#0.1.2.3.4.5.6.7.8/16","","","","high"
"3","Kab Shab 2","2","4","Psalm-ish 1","#006699","Psalm-ish 1","8d70b40b-c072-452e-a016-9e47015056f6","published","new","exact","true","custom","left","Psalm-ish 150","","D04","custom text carries literal <html>/<i> markup copied from Singular","content (draft)","high"
"3","Kab Shab 2","2","5","Siyahamba","#012a3e","Siyahamba","219230a4-5d95-40b6-876c-9492db9fbaef","published","template","exact","true","template (content not in drafts export)","","","","","","","medium"
"3","Kab Shab 2","3","3","Ahavat Olam 2","#006699","Ahavat Olam 2","24f3bba1-e361-4e62-bce1-b10b9bda92b6","published","master","exact","true","bilingual","left","Ahavat Olam","legacy-shabbat-evening:shma.ahavat-olam@legacy-shabbat-evening#9.10.11.12/16","","","","high"
"3","Kab Shab 2","3","4","Psalm-ish 2","#006699","Psalm-ish 2","ebbee099-e970-45e2-9aa8-db1992181e73","published","new","exact","true","custom","left","Psalm-ish 150","","D04","custom text carries literal <html>/<i> markup copied from Singular","content (draft)","high"
"4","Kab Shab 3","0","0","Hashki (Randy)","#006699","Hashkiveinu (Randy)","567367c0-bf57-46e6-9220-049641f75c14","published","master","exact","true","custom","left","Hashkiveinu","","D20","long custom lyric on one side panel (sitting: fill/readability)","content/layout (Packet A)","medium"
"4","Kab Shab 3","0","1","Vshamru","#006699","Vshamru","ad0a8bf7-9245-4c12-a78c-30f9f012fa16","published","master","exact","true","bilingual","left","V'shamru","legacy-shabbat-evening:shma.vshamru@legacy-shabbat-evening#4.5.6.7.8.9.10.11/16","","","","high"
"4","Kab Shab 3","0","2","Adonai Sifatai (only)","#990033","Adonai Sifatai","ef645335-1f59-4e0f-8aae-fbd176dc13c8","published","master","exact","true","bilingual","bottom","Adonai S'fatai","legacy-shabbat-morning:amidah.we-open-our-lips@legacy-shabbat-morning#0/2","","","","high"
"4","Kab Shab 3","0","3","Avodah/Rtzei","#006699","Avodah","b0989586-28eb-4fef-a48b-94b7fd728e24","published","master","exact","true","bilingual","left","Avodah","legacy-shabbat-morning:amidah.avodah@legacy-shabbat-morning#0.1.2.3.9.10/14","","","","high"
"4","Kab Shab 3","0","4","Shalom Rav","#006699","Shalom Rav","feaacb05-dcb8-461e-8d49-ee1ded5b0596","published","master","exact","true","bilingual","left","Shalom Rav","legacy-shabbat-evening:amidah.shalom-rav@legacy-shabbat-evening#0.1.2.3.4.5.6.7.8/12","","","","high"
"4","Kab Shab 3","0","5","Healing Names","#990033","Send Healing Names","80f96159-5989-42dd-9620-c617057f1014","published","master","exact","true","custom","bottom","Healing Prayers","","","","","high"
"4","Kab Shab 3","0","6","R'fa Tziri 1","#012a3e","Refa Tziri 1","c17839d9-3e42-4a6d-9de6-875c1ae61f48","published","new","exact","true","custom","left","R'fa Tziri","","","","","high"
"4","Kab Shab 3","1","0","Hashki (Daniel)","#006699","Hashkiveinu (Daniel)","f9231a22-88f9-4aca-8356-da01f572ad3d","published","master","exact","true","bilingual","left","Hashkiveinu","legacy-shabbat-evening:shma.hashkiveinu@legacy-shabbat-evening#3.4.5/16","","","","high"
"4","Kab Shab 3","1","1","Chatzi Kaddish 1","#006699","Readers Kaddish 1","0a4b12eb-1463-44d7-be91-329049e5ec82","published","template","exact","true","template (content not in drafts export)","","","","","","","medium"
"4","Kab Shab 3","1","2","Sanctuary","#59011f","Sanctuary/Adonai Sifatai","f69d012c-a0c0-4f56-86bf-352e176a5ba7","published","master","exact","true","custom","bottom","Sanctuary","","","","","high"
"4","Kab Shab 3","1","3","Oseh Shalom","#990033","Oseh Shalom","1c78286d-319b-4025-8e5d-578e2888855e","published","template","exact","true","bilingual","bottom","Oseh Shalom","amidah.oseh-shalom@legacy-shabbat-morning#0.1.2/3","","","","high"
"4","Kab Shab 3","1","4","Od Yavo Shalom","#990033","Od Yavo Shalom","e7b73357-ae15-4880-8e8c-7d9f7ef754b4","published","new","exact","true","custom","bottom","Od Yavo Shalom Aleinu","","","","","high"
"4","Kab Shab 3","1","5","Mi Sheb","#006699","Mi Sheberach","1f826b16-c4df-4256-bfb0-befdec2f9f71","published","master","exact","true","custom","left","Prayer for Healing","","","","","high"
"4","Kab Shab 3","1","6","R'fa Tziri 2","#012a3e","Refa Tziri 2","eff3e584-6839-4e78-8c04-34518cbf8316","published","new","exact","true","custom","left","R'fa Tziri","","","","","high"
"4","Kab Shab 3","2","0","Hashki (Jim)","#012a3e","Hashkiveinu (Jim)","fa7f52e3-90b1-4253-8d43-1ccf94e65d9f","published","master","exact","true","bilingual","left","Hashkiveinu","legacy-shabbat-evening:shma.hashkiveinu@legacy-shabbat-evening#5.6.7/16","","","","high"
"4","Kab Shab 3","2","1","Chatzi Kaddish 2","#006699","Readers Kaddish 2","7c087a0d-23cb-458e-af6a-3210982ff0d6","published","template","exact","true","template (content not in drafts export)","","","","","","","medium"
"4","Kab Shab 3","2","3","Hoda-ah","#59011f","Hoda-Ah","0cf632bf-aab4-4354-8095-6aa5f9b3ec6a","published","master","exact","true","bilingual","bottom","Hoda'ah הוֹדָאָה","legacy-shabbat-morning:amidah.modim@legacy-shabbat-morning#11.12.13/22","","","","high"
"4","Kab Shab 3","2","4","Olam Chesed Yibaneh","#006699","Olam Chesed Yibaneh","add0f175-584f-472e-83e3-a0de82a261ff","published","master","exact","true","source-en","left","Olam Chesed Yibaneh","legacy-shabbat-evening:amidah.olam-chesed-yibaneh@legacy-shabbat-evening#1/4","D09","source-en: English only; CRC evening feed Hebrew fields are '—' placeholders; Singular had Hebrew+translit+English","source (shireishabbat) then content","high"
"4","Kab Shab 3","2","5","Jim Mi Sheb","#012a3e","Jim Mi Sheb","2bfbe40e-ded5-4de3-8978-f347d9e99a83","published","new","exact","true","custom","left","Prayer for Healing","","","","","high"
"4","Kab Shab 3","2","6","El Na Rafa Na La","#990033","El Na R'fa Na","d541f3d2-f8c4-4a58-b733-579413e447c4","published","master","exact","true","bilingual","right","El Na R'fa Na Lah/Lo","legacy-shabbat-morning:torah.el-na-rfa-na@legacy-shabbat-morning#1/6","D10","only 'lah' line (block 1); 'lo' line (block 2) unused though title says Lah/Lo","content","high"
"4","Kab Shab 3","3","4","announcements","#000066","Announcements","3d18426f-f8b6-49f5-831c-fc35e0f58f40","published","master","exact","true","custom","bottom","Announcements","","","","","high"
"4","Kab Shab 3","3","5","silent prayer","#000066","Silent Prayer","bf4eb2c9-fe1f-44bd-87ab-cc64186cd4f9","published","master","exact","true","custom","right","T'filah תְּפִלָּה","","D16","title-only label card ('Silent Prayer'), right layout; behaves as designed","content/layout (Packet A)","medium"
"5","Kab Shab 4","0","1","Aleinu 1","#006699","Aleinu 1","67693694-1802-4262-9121-3ebc42a53bde","published","master","exact","true","bilingual","left","Aleinu","legacy-shabbat-morning:concluding.aleinu@legacy-shabbat-morning#0.1.2.3.4.5/29","","","","high"
"5","Kab Shab 4","0","2","Kaddish Names","#990033","Send Kaddish Names","d0a1be50-2ee0-4604-81d6-c3083376bf89","published","master","exact","true","custom","bottom","Mourner's Kaddish","","","","","high"
"5","Kab Shab 4","0","3","Adon Olam 1","#006699","Adon Olam 1","a4c86b16-6677-46b8-ad39-871a2fb81224","published","master","exact","true","bilingual","left","Adon Olam","legacy-shabbat-morning:concluding.adon-olam@legacy-shabbat-morning#0.1.2.3.4.5.6.7/28","","","","high"
"5","Kab Shab 4","0","4","Priestly Blessing","#990033","Birkat Kohanim","089cce61-085b-49e9-9ede-f6ec81f65789","published","master","exact","true","bilingual","bottom","Priestly Blessing ברכת כהנים","legacy-shabbat-morning:concluding.priestly-blessing@legacy-shabbat-morning#0.1.2.3/11","","","","high"
"5","Kab Shab 4","0","5","Motzi","#990033","Motzi","0be48337-2cbf-4a89-82f5-a7280a36709e","published","master","exact","true","bilingual","bottom","Motzi","legacy-shabbat-morning:concluding.hamotzi@legacy-shabbat-morning#0.1/3","","","","high"
"5","Kab Shab 4","1","1","Aleinu 2","#006699","Aleinu 2","403eced5-770f-49f2-99bc-b8b2c2b59235","published","master","exact","true","bilingual","left","Aleinu","legacy-shabbat-morning:concluding.aleinu@legacy-shabbat-morning#6.7.8.9.10.11.12.13/29","","","","high"
"5","Kab Shab 4","1","2","Kaddish 1","#006699","Mourners Kaddish 1","c2d2c129-7d7d-4bbc-a296-46cc1fb9f48e","published","template","exact","true","template (content not in drafts export)","","","","","","","medium"
"5","Kab Shab 4","1","3","Adon Olam 2","#006699","Adon Olam 2","7d337be4-8b25-4bbd-b532-87b8d0c7602c","published","master","exact","true","bilingual","left","Adon Olam","legacy-shabbat-morning:concluding.adon-olam@legacy-shabbat-morning#8.9.10.11.12.13.14.15/28","","","","high"
"5","Kab Shab 4","1","5","Kiddush (short)","#990033","Kiddush (short)","bb2d1b64-95dc-47c2-bbc6-1451233dcf53","published","master","exact","true","bilingual","bottom","Kiddush","legacy-shabbat-morning:concluding.kiddush@legacy-shabbat-morning#0.1/3","D08","hagafen from morning book (identical wording to evening blocks 0-1 pending check)","none","medium"
"5","Kab Shab 4","1","6","announcements","#000066","Announcements","3d18426f-f8b6-49f5-831c-fc35e0f58f40","published","master","exact","true","custom","bottom","Announcements","","","","","high"
"5","Kab Shab 4","2","1","Aleinu 3","#006699","Aleinu 3","d126a475-8cbe-476c-9584-a84761e8b888","published","master","exact","true","bilingual","left","Aleinu","legacy-shabbat-morning:concluding.aleinu@legacy-shabbat-morning#14.15.16.17.18.19.20.21/29","","","","high"
"5","Kab Shab 4","2","1","Aleinu 3","#006699","CRC Logo","","UNMAPPED","","exact","false","template (content not in drafts export)","","","","D15","Aleinu 3 exit restores CRC Logo -> converted to bug_on (scan card) mid-series (Aleinu 4 follows)","converter + logo design (Packet A)","high"
"5","Kab Shab 4","2","2","Kaddish 2","#006699","Mourners Kaddish 2","f15c1944-da76-4d61-95c8-05c032d47c4d","published","template","exact","true","template (content not in drafts export)","","","","","","","medium"
"5","Kab Shab 4","2","3","Adon Olam 3","#006699","Adon Olam 3","9bb328cb-f218-40e3-9e91-56864144af6a","published","master","exact","true","bilingual","left","Adon Olam","legacy-shabbat-evening:concluding.adon-olam@legacy-shabbat-evening#16.17.18.19/27","D17","panel 3 pinned to evening book while 1-2 pinned to morning book","provenance tidy","medium"
"5","Kab Shab 4","2","5","Kiddush (full)","#012a3e","Kiddush (long)","e1a495c8-836c-4877-a2ac-06f3eec8ac1b","published","master","exact","true","bilingual","left","Kiddush","legacy-shabbat-evening:concluding.kiddush-evening@legacy-shabbat-evening#2.3.4.5.6.7.8.9/19","D08","CRC evening Kiddush blocks 2-9; continuation 10-14 ('Kiddush (long) 2', published) only on page 53; hagafen 0-1 only via Kiddush (short) from the morning book; no Vay'chulu in CRC book","deck placement; variant decision","high"
"5","Kab Shab 4","2","6","thank you","#000066","Thank you","09f50803-3288-4b78-bcc7-560025668e1a","published","template","exact","true","template (content not in drafts export)","","","","","","","medium"
"5","Kab Shab 4","3","1","Aleinu 4","#006699","Aleinu 4","80e7acd3-ae25-4713-8c5b-d50cd9d792f1","published","master","exact","true","bilingual","left","Aleinu","legacy-shabbat-morning:concluding.aleinu@legacy-shabbat-morning#22.23.24.25/29","","","","high"
"5","Kab Shab 4","3","2","Kaddish 3","#006699","Mourners Kaddish 3","dbf354df-e399-4d8b-bcfc-c067cc3cf2fc","published","live","exact","true","bilingual","left","Mourner's Kaddish","legacy-shabbat-morning:concluding.mourners-kaddish@legacy-shabbat-morning#17.18.19.20.21.22.23/28","","","","high"
"5","Kab Shab 4","3","3","Oseh Shalom","#990033","Oseh Shalom","1c78286d-319b-4025-8e5d-578e2888855e","published","template","exact","true","bilingual","bottom","Oseh Shalom","amidah.oseh-shalom@legacy-shabbat-morning#0.1.2/3","","","","high"
"5","Kab Shab 4","3","4","Shehecheyanu","#990033","Shehechiyanu","c1c6def3-330e-4e84-bf0c-d47164b78193","published","master","exact","true","bilingual","bottom","A Blessing for a Sacred Moment שֶׁהֶחֱיָנוּ","shabbat-maariv:seasonal.shehecheyanu@shabbat-maariv#0/2","","","","high"
"6","space","0","0","Awaken Arise","#59011f","Awaken, Arise","c8cb82c3-67ec-470b-a946-a9eebb998bbb","published","master","exact","true","bilingual","bottom","Awaken, Arise","legacy-shabbat-evening:opening.shabbat-presence-awaken-arise@legacy-shabbat-evening#1/3","","","","high"
"6","space","0","1","Thou Shalt Love 1","#012a3e","Thou Shalt Love","a4e5367c-a1e3-494f-b4e7-3f9e53522cc6","published","master","exact","true","original-en","left","Thou Shalt Love","legacy-shabbat-morning:shma.thou-shalt-love@legacy-shabbat-morning#0.1.2/8","","","","high"
"6","space","0","2","Mi Chamocha (short)","#59011f","Mi Chamocha (short)","c8dbafb3-37bb-4c6b-96d5-96c9fddef38e","published","master","exact","true","bilingual","bottom","Mi Chamochah מִי כָמֹכָה","shma.mi-chamocha@legacy-shabbat-morning#0.1.2/13","","","","high"
"6","space","0","3","Shalom Aleichem (Short)","#012a3e","Shalom Alechem small","32b2ae8c-e7f1-4c3a-9580-f8f31b12ead6","published","hhd","exact","true","bilingual","bottom","Shalom Aleichem","shabbat-maariv:kabbalat.shalom-aleichem@shabbat-maariv#5/9","","","","high"
"6","space","0","4","Hodu","#59011f","Hodu","fa6d1921-f475-4a8c-841c-2ffe4744ca19","published","master","exact","true","bilingual","bottom","Hodu l'Adonai","legacy-shabbat-morning:awakening.hodu@legacy-shabbat-morning#0/3","","","","high"
"6","space","0","5","Barcheinu","#59011f","Barcheinu","1dc6361e-ae4d-424c-ad90-4734a13b64aa","published","master","exact","true","bilingual","bottom","Concluding T'filah","legacy-shabbat-morning:amidah.concluding-the-tfilah@legacy-shabbat-morning#0.1/8","","","","high"
"6","space","0","6","Hallelu 1","#59011f","Hallelu 1","700e2200-c903-4ba8-ba89-b93d3ae8f55f","published","master","exact","true","bilingual","bottom","Hallelu הללו","shirei-tshuvah:psukei.psalm-150@shabbat-shacharit#0/6","","","","high"
"6","space","1","0","Ma'ariv Aravim/ Roll","#59011f","Maariv Arevim (Roll into Dark)","8792f231-e183-4bac-9113-020d25054590","published","master","exact","true","bilingual","bottom","Ma'ariv Aravim  מַעֲרִיב עֲרָבִים","legacy-shabbat-evening:shma.maariv-aravim@legacy-shabbat-evening#8.9.10/18","","","","high"
"6","space","1","1","Thou Shalt Love 2","#012a3e","Thou Shalt Love 2","46f843c0-834e-484d-bc75-9bf4679508fc","published","master","exact","true","original-en","left","Thou Shalt Love","legacy-shabbat-morning:shma.thou-shalt-love@legacy-shabbat-morning#3.4/8","","","","high"
"6","space","1","2","Hashki (plain)","#012a3e","Hashkiveinu (plain)","1f1df522-f4c4-4fd3-9c20-14c6b52c54d9","published","master","exact","true","bilingual","left","Hashkiveinu","legacy-shabbat-evening:shma.hashkiveinu@legacy-shabbat-evening#3.4.5.6.7/16","","","","high"
"6","space","1","4","Lev Tahor","#59011f","Lev Tahor","847b8cd4-cd72-44cb-8722-7a024a119413","published","master","exact","true","source-en","bottom","Lev Tahor לֵב טָהוֹר","legacy-shabbat-morning:awakening.tahor-lev@legacy-shabbat-morning#2/2","","","","high"
"6","space","1","5","Yihyu Ratzon","#59011f","Yihyu","29837b9e-3e2a-49c9-b013-74b19b8f23cc","published","master","exact","true","bilingual","bottom","Concluding T'filah","shirei-tshuvah:amidah.elohai-ntzor@rh-shacharit#2/8","","","","high"
"6","space","1","6","Hallelu 2","#59011f","Hallelu 2","9bcb37cc-17a0-46d9-9ad0-73447b4122fd","published","master","exact","true","bilingual","bottom","Hallelu הללו","shirei-tshuvah:psukei.psalm-150@shabbat-shacharit#2/6","","","","high"
"6","space","2","6","Hallelu 3","#59011f","Hallelu 3","7d7f2592-5b60-4518-99f6-eec5c478626d","published","master","exact","true","bilingual","bottom","Hallelu הללו","shirei-tshuvah:psukei.psalm-150@shabbat-shacharit#4/6","","","","high"
"6","space","3","0","Shalom Alech 2","#006699","Shalom Aleichem 2","c358195e-5242-4bc1-8925-56dd7d24e18e","published","master","exact","true","bilingual","left","Shalom Aleichem","legacy-shabbat-evening:opening.angels-shalom-aleichem@legacy-shabbat-evening#4.5.6.7/17","","","","high"
"6","space","3","1","Shalom Alech 3","#006699","Shalom Aleichem 3","63587034-db98-4786-9a23-f2fa74c8aa70","published","master","exact","true","bilingual","left","Shalom Aleichem","legacy-shabbat-evening:opening.angels-shalom-aleichem@legacy-shabbat-evening#8.9.10.11/17","","","","high"
"6","space","3","2","Shalom Alech 4","#006699","Shalom Aleichem 4","b9ff38cb-ee87-4a0f-8ba0-6bffcf100891","published","master","exact","true","bilingual","left","Shalom Aleichem","legacy-shabbat-evening:opening.angels-shalom-aleichem@legacy-shabbat-evening#12.13.14.15/17","","","","high"
"7","Shab Morn 1","0","0","Tallit Blessing","#59011f","Tallit Blessing","778b1e41-5c34-490e-8b32-079dd1a89da8","published","master","exact","true","bilingual","bottom","Tallit Blessing","legacy-beit-mitzvah:awakening.tallit-blessing@bm-shacharit#1.2.3.4/6","","","","high"
"7","Shab Morn 1","0","1","Ma Tovu/ Hinei","#006699","Mah Tovu","bbd7c98b-f1de-41ee-9719-2bb27a30d0db","published","template","exact","true","bilingual","left","Mah Tovu / Hineih Mah Tov","awakening.mah-tovu@legacy-shabbat-morning#0.1.3.4/14 ; awakening.hineh-mah-tov@legacy-shabbat-morning#0.1/2","","","","high"
"7","Shab Morn 1","0","2","Birchot Hasha 1","#006699","Birchot Hashachar 1","0135de3c-9a47-4fdc-91b9-99bacdf64970","published","template","exact","true","bilingual","left","Birchot Hashachar","awakening.birchot-hashachar@legacy-shabbat-morning#0.1.3.4.6.7.10.11/24","","","","high"
"7","Shab Morn 1","0","3","Psukei Dzimrah 1","#006699","Psukei DZimrah 1","65743cb0-95c9-4d26-b8eb-74c86f1f1b36","published","template","exact","true","template (content not in drafts export)","","","","","","","medium"
"7","Shab Morn 1","0","4","Hal-lu 150 ","#006699","Psalm 150","a5784181-b4b5-4033-8ad2-4be46bac1fff","published","template","exact","true","template (content not in drafts export)","","","","","","","medium"
"7","Shab Morn 1","0","5","Chatzi Kaddish 1","#006699","Readers Kaddish 1","0a4b12eb-1463-44d7-be91-329049e5ec82","published","template","exact","true","template (content not in drafts export)","","","","","","","medium"
"7","Shab Morn 1","0","6","As We Bless","#990033","As We Bless","1dc607cc-37fa-48d7-a13d-9030a28f332d","published","template","exact","true","template (content not in drafts export)","","","","","","","medium"
"7","Shab Morn 1","1","0","Hareini","#990033","Hareini","e1bd7775-ddf1-468b-b3f7-ac98f11df958","published","template","exact","true","template (content not in drafts export)","","","","","","","medium"
"7","Shab Morn 1","1","1","Hinei Ma Tov","#990033","Hinei Ma Tov","9c34f35c-7a84-4aa3-9233-80759fb63a64","published","master","exact","true","bilingual","bottom","Hineih Mah Tov","legacy-shabbat-morning:awakening.hineh-mah-tov@legacy-shabbat-morning#0.1/4","","","","high"
"7","Shab Morn 1","1","2","Birchot Hasha 2","#006699","Birchot Hashachar 2","b60c1abc-2257-4316-9ae4-2a03f72133d6","published","template","exact","true","template (content not in drafts export)","","","","","","","medium"
"7","Shab Morn 1","1","3","Psukei Dzimrah 2","#006699","Psukei DZimrah 2","f792daee-3663-4350-a3cb-783897e1f463","published","live","exact","true","bilingual","left","Psukei d'Zimrah","legacy-shabbat-morning:psukei.ashrei-opening@legacy-shabbat-morning#0.1/4 ; legacy-shabbat-morning:psukei.kol-hanshamah@legacy-shabbat-morning#0.1/4","","","","high"
"7","Shab Morn 1","1","4","Psalm-ish 1","#006699","Psalm-ish 1","8d70b40b-c072-452e-a016-9e47015056f6","published","new","exact","true","custom","left","Psalm-ish 150","","D04","custom text carries literal <html>/<i> markup copied from Singular","content (draft)","high"
"7","Shab Morn 1","1","5","Chatzi Kaddish 2","#006699","Readers Kaddish 2","7c087a0d-23cb-458e-af6a-3210982ff0d6","published","template","exact","true","template (content not in drafts export)","","","","","","","medium"
"7","Shab Morn 1","1","6","Barchu","#990033","Barechu","efa9fad4-f7d5-4091-a708-82103028861b","published","template","exact","true","bilingual","bottom","Bar'chu בָּרְכוּ","shma.barchu@legacy-shabbat-morning#0.1/2","","","","high"
"7","Shab Morn 1","2","0","Modeh Ani","#990033","Modeh Ani (Bottom)","eac2dee3-17f3-4a52-9ca5-4d7611f0f9dc","published","template","exact","true","bilingual","bottom","Modeh Ani מוֹדָה אֲנִי","awakening.modeh-ani@legacy-shabbat-morning#0.1.2.3/4","","","","high"
"7","Shab Morn 1","2","2","Birchot Hasha 3","#006699","Birchot Hashachar 3","ceb24b8c-d9a7-4607-99bf-c0962e2a88ff","published","live","exact","true","bilingual","left","Birchot Hashachar","legacy-shabbat-morning:awakening.birchot-hashachar@legacy-shabbat-morning#13.14.16.17/26","D18","panels 1-2 are templates on authoring-sources indexing; 3-4 on library indexing; verify 2->3 boundary","verify","medium"
"7","Shab Morn 1","2","4","Psalm-ish 2","#006699","Psalm-ish 2","ebbee099-e970-45e2-9aa8-db1992181e73","published","new","exact","true","custom","left","Psalm-ish 150","","D04","custom text carries literal <html>/<i> markup copied from Singular","content (draft)","high"
"7","Shab Morn 1","2","6","Am I Awake/ Barchu","#006699","Am I Awake","23cc50be-1d16-4720-b073-d2ea207c4c12","published","master","exact","true","bilingual","left","Am I Awake / Barchu","legacy-shabbat-morning:shma.barchu@legacy-shabbat-morning#0.1/5","D02","English song lines missing (present in Singular archive text); cue = morning Bar'chu blocks 0-1 only; lyric not in maintained library","content + source ruling","high"
"7","Shab Morn 1","3","0","Elohai N'shama","#990033","Elohai Nshama","d4298cbf-d17e-498b-ad70-d7900e899718","published","template","exact","true","template (content not in drafts export)","","","","","","","medium"
"7","Shab Morn 1","3","1","Esa Einai","#59011f","Esah Einai","df4b1219-7680-4cab-adba-5b93cf6a1afa","published","hhd","exact","true","bilingual","bottom","Esah Einai","crc-erev-rh:erev-rh.esah-einai@crc-erev-rh#0.1.2/5","","","","high"
"7","Shab Morn 1","3","2","Birchot Hasha 4","#006699","Birchot Hashachar 4","2b3da7a3-dc18-46f1-a792-13a4771b343c","published","live","exact","true","bilingual","left","Birchot Hashachar","legacy-shabbat-morning:awakening.birchot-hashachar@legacy-shabbat-morning#19.20.22.23/26","D18","as Birchot Hashachar 3","verify","medium"
"7","Shab Morn 1","3","5","Starting Soon","#000066","Starting Soon","0cd20c42-8310-4ddf-bab9-72bab6113e04","published","master","exact","true","custom","bottom","Central Reform Congregation","","","","","high"
"7","Shab Morn 1","3","5","Starting Soon","#000066","Start soon right","","UNMAPPED","","exact","false","template (content not in drafts export)","","","","D12","side panel dropped under single-output ruling","none (ruled)","high"
"8","Shab Morn 2","0","1","Yotzer Or short","#990033","Yotzer Or (short)","263efa6c-73f8-46a8-9ea2-11fbbf14c6a2","published","template","exact","true","template (content not in drafts export)","","","","","","","medium"
"8","Shab Morn 2","0","2","Yotzer Or Trans 1","#006699","Yotzer Or Interp 1","847f0ed9-cd05-44ed-b2a2-c7947cbb72d6","published","template","mapAliasOf:Yotzer Or 2","true","template (content not in drafts export)","","","","D11","alias to Yotzer Or 2; library has shma.yotzer-or-interpretation (original-en) to build from","catalog map + content","high"
"8","Shab Morn 2","0","3","Ahava Rabah (short)","#59011f","Ahavah Raba (short)","37e2c89b-c658-460b-8b64-ef20c22903cf","published","master","exact","true","bilingual","bottom","Ahavah Rabah אַהֲבָה רַבָּה","legacy-beit-mitzvah:shma.ahavah-rabah-ahavtanu@bm-shacharit#0/9","","","","high"
"8","Shab Morn 2","0","4","Sh'ma","#990033","Shema","042e53fd-2f77-4b30-a951-13e7889e2297","published","master","exact","true","bilingual","bottom","The Sh'ma שְׁמַע","legacy-shabbat-evening:shma.the-shma@legacy-shabbat-evening#0.1.2/8","","","","high"
"8","Shab Morn 2","0","5","Vahavta 1","#006699","Vahavta 1","2ed003b5-5a9a-4923-8e1c-6722a69c0104","published","template","exact","true","template (content not in drafts export)","","","","","","","medium"
"8","Shab Morn 2","0","6","Mi Chamocha (Sat 1)","#006699","Mi Chamocha (Sat 1)","a5c90765-48c0-4384-a3e2-65b43cc2adf1","published","template","exact","true","template (content not in drafts export)","","","","","","","medium"
"8","Shab Morn 2","1","1","Yotzer Or 1","#006699","Yotzer Or 1","aa4a2b0c-23d2-45d3-8268-735331466a60","published","template","exact","true","template (content not in drafts export)","","","","","","","medium"
"8","Shab Morn 2","1","2","Yotzer Or Trans 2","#006699","Yotzer Or Interp 2","847f0ed9-cd05-44ed-b2a2-c7947cbb72d6","published","template","mapAliasOf:Yotzer Or 2","true","template (content not in drafts export)","","","","D11","as Yotzer Or Interp 1","catalog map + content","high"
"8","Shab Morn 2","1","3","Ahava Raba (long)","#006699","Ahava Rabbah Ahavtanu (ncomplete)","4715aa3b-02c7-4ec9-899d-22e6a7d190c1","published","template","exact","true","template (content not in drafts export)","","","","","","","medium"
"8","Shab Morn 2","1","4","How Awesome/Shema","#012a3e","How Awesome / Shema","111297d8-29c7-44b1-837f-b71e20b7e74e","published","master","exact","true","bilingual","left","The Sh'ma","legacy-shabbat-evening:shma.the-shma@legacy-shabbat-evening#0.1.2/8","D03","same blocks as the Shema cue (The Sh'ma 0-2); Singular English lines 'How awesome is creation… Echad' missing","content + source ruling","high"
"8","Shab Morn 2","1","5","Vahavta 2","#006699","Vahavta 2","4343d861-686f-449a-9f4e-2943da5a59db","published","template","exact","true","bilingual","left","V'ahavta","shma.vahavta@legacy-shabbat-morning#9.10.11.12.13.14.15.16.17.18/19","","","","high"
"8","Shab Morn 2","1","6","Mi Chamocha (Sat 2)","#006699","Mi Chamocha (Sat 2)","5bad62c7-3005-4977-8349-230520c70211","published","live","exact","true","bilingual","left","Mi Chamochah","legacy-shabbat-morning:shma.mi-chamocha@legacy-shabbat-morning#7.8.9.10.11.12/18","","","","high"
"8","Shab Morn 2","2","1","Yotzer/ Ma Rabu 2","#006699","Yotzer Or 2","847f0ed9-cd05-44ed-b2a2-c7947cbb72d6","published","template","exact","true","template (content not in drafts export)","","","","","","","medium"
"8","Shab Morn 2","2","3","We Are Loved 1","#006699","We Are Loved 1","e62e68e1-08e3-4021-8806-e3118295f282","published","master","exact","true","original-en","left","We Are Loved","shma.unending-love@legacy-shabbat-morning#0/2","D01","722-char reading on one panel; Singular split it at 'too embittered to hear'","content (draft)","medium"
"8","Shab Morn 2","2","6","Siyahamba","#012a3e","Siyahamba","219230a4-5d95-40b6-876c-9492db9fbaef","published","template","exact","true","template (content not in drafts export)","","","","","","","medium"
"8","Shab Morn 2","3","2","One Love","#006699","One Love","dd0db929-cddb-49a5-b871-045dd80a511a","published","new","exact","true","custom","left","One Love","","","","","high"
"8","Shab Morn 2","3","3","We Are Loved 2","#006699","We Are Loved 2","e62e68e1-08e3-4021-8806-e3118295f282","published","master","mapAliasOf:We Are Loved 1","true","original-en","left","We Are Loved","shma.unending-love@legacy-shabbat-morning#0/2","D01","catalog-map aliasOf We Are Loved 1: same cue id, so the two buttons toggle each other off and light together; no panel-2 cue exists","catalog map + content","high"
"9","Shab Morn 3","0","0","Adonai Sifatai (only)","#990033","Adonai Sifatai","ef645335-1f59-4e0f-8aae-fbd176dc13c8","published","master","exact","true","bilingual","bottom","Adonai S'fatai","legacy-shabbat-morning:amidah.we-open-our-lips@legacy-shabbat-morning#0/2","","","","high"
"9","Shab Morn 3","0","1","Avot 1","#006699","Avot 1","750d3230-78c8-4cac-8852-b78cd0b6f304","published","master","exact","true","bilingual","left","Avot V'Imahot","legacy-shabbat-morning:amidah.avot-vimahot@legacy-shabbat-morning#0.1.2.3.4.5/18","","","","high"
"9","Shab Morn 3","0","2","Gvurot 3","#006699","Gevurot 1","b27ac87b-5db7-4537-923b-c86cb860d301","published","master","exact","true","bilingual","left","G'vurot","legacy-shabbat-morning:amidah.gvurot@legacy-shabbat-morning#0.1.4.5.6.7.8/22","","","","high"
"9","Shab Morn 3","0","3","Kdusha 1","#006699","Kedusha 1","c1e8dc26-022d-4423-8279-ed48797fb510","published","master","exact","true","bilingual","left","K'dushah","legacy-shabbat-morning:amidah.kedushah@legacy-shabbat-morning#0.1.2.3.5.6/undefined","","","","high"
"9","Shab Morn 3","0","4","Vshamru","#006699","Vshamru","ad0a8bf7-9245-4c12-a78c-30f9f012fa16","published","master","exact","true","bilingual","left","V'shamru","legacy-shabbat-evening:shma.vshamru@legacy-shabbat-evening#4.5.6.7.8.9.10.11/16","","","","high"
"9","Shab Morn 3","0","5","Hoda-ah/ Hatov ki lo","#990033","Hoda-Ah","0cf632bf-aab4-4354-8095-6aa5f9b3ec6a","published","master","exact","true","bilingual","bottom","Hoda'ah הוֹדָאָה","legacy-shabbat-morning:amidah.modim@legacy-shabbat-morning#11.12.13/22","","","","high"
"9","Shab Morn 3","0","6","silent prayer","#000066","Silent Prayer","bf4eb2c9-fe1f-44bd-87ab-cc64186cd4f9","published","master","exact","true","custom","right","T'filah תְּפִלָּה","","D16","title-only label card ('Silent Prayer'), right layout; behaves as designed","content/layout (Packet A)","medium"
"9","Shab Morn 3","1","0","Sanctuary","#990033","Sanctuary/Adonai Sifatai","f69d012c-a0c0-4f56-86bf-352e176a5ba7","published","master","exact","true","custom","bottom","Sanctuary","","","","","high"
"9","Shab Morn 3","1","1","Avot 2","#006699","Avot 2","23b881d2-d99e-42c6-a800-6004e67a5cdd","published","master","exact","true","bilingual","left","Avot V'Imahot","legacy-shabbat-morning:amidah.avot-vimahot@legacy-shabbat-morning#6.7.8.9.10.11.12.13.14/18","","","","high"
"9","Shab Morn 3","1","2","Gvurot 4","#006699","Gevurot 2","f241e548-c7f5-432c-8c86-2d9e01bd0a54","published","master","exact","true","bilingual","left","G'vurot","legacy-shabbat-morning:amidah.gvurot@legacy-shabbat-morning#9.10.11.12.13/22","","","","high"
"9","Shab Morn 3","1","3","Kdusha 2","#006699","Kedusha 2","4110135b-78c2-4983-9647-5e168999a912","published","master","exact","true","bilingual","left","K'dushah","legacy-shabbat-morning:amidah.kedushah@legacy-shabbat-morning#9.10.12.15.16.17/undefined","","","","high"
"9","Shab Morn 3","1","4","Avodah/Rtzei","#006699","Avodah","b0989586-28eb-4fef-a48b-94b7fd728e24","published","master","exact","true","bilingual","left","Avodah","legacy-shabbat-morning:amidah.avodah@legacy-shabbat-morning#0.1.2.3.9.10/14","","","","high"
"9","Shab Morn 3","1","5","Od Yavo Shalom","#990033","Od Yavo Shalom","e7b73357-ae15-4880-8e8c-7d9f7ef754b4","published","new","exact","true","custom","bottom","Od Yavo Shalom Aleinu","","","","","high"
"9","Shab Morn 3","1","6","Olam Chesed Yibaneh","#006699","Olam Chesed Yibaneh","add0f175-584f-472e-83e3-a0de82a261ff","published","master","exact","true","source-en","left","Olam Chesed Yibaneh","legacy-shabbat-evening:amidah.olam-chesed-yibaneh@legacy-shabbat-evening#1/4","D09","source-en: English only; CRC evening feed Hebrew fields are '—' placeholders; Singular had Hebrew+translit+English","source (shireishabbat) then content","high"
"9","Shab Morn 3","2","1","Avot Trans 1","#006699","Avot interp 1","23b881d2-d99e-42c6-a800-6004e67a5cdd","published","master","mapAliasOf:Avot 2","true","bilingual","left","Avot V'Imahot","legacy-shabbat-morning:amidah.avot-vimahot@legacy-shabbat-morning#6.7.8.9.10.11.12.13.14/18","D11","catalog alias to Avot 2 Hebrew cue; Singular interpretive English missing; shares state with Avot 2 button","catalog map + content + translation-role ruling","high"
"9","Shab Morn 3","2","2","Gvurot Trans","#006699","Gevurot Trans","f241e548-c7f5-432c-8c86-2d9e01bd0a54","published","master","mapAliasOf:Gevurot 2","true","bilingual","left","G'vurot","legacy-shabbat-morning:amidah.gvurot@legacy-shabbat-morning#9.10.11.12.13/22","D11","alias to Gevurot 2; interpretive English missing","catalog map + content + ruling","high"
"9","Shab Morn 3","2","3","Kdusha 3","#006699","Kedusha 3","14fa9413-0b2e-4c16-9a07-a37684c0b6f9","published","master","exact","true","bilingual","left","K'dushah","legacy-shabbat-morning:amidah.kedushah@legacy-shabbat-morning#19.21.22.25.26.27.28.30/undefined","","","","high"
"9","Shab Morn 3","2","4","Modim Anachnu Lach","#012a3e","Modim Anachnu Lach","fb1a6b21-47c0-4d40-83c9-391d1f2cee53","published","master","exact","true","bilingual","left","Modim Anachnu Lach","legacy-shabbat-morning:amidah.modim@legacy-shabbat-morning#0.1.2/22","","","","high"
"9","Shab Morn 3","2","5","Sim Shalom","#990033","Sim Shalom","5b76564f-e32f-43e2-82b4-c0734c647985","published","master","exact","true","bilingual","bottom","Sim Shalom - שִׂים שָׁלוֹם","legacy-shabbat-morning:amidah.sim-shalom@legacy-shabbat-morning#0.1.2/6","","","","high"
"9","Shab Morn 3","3","1","Avot Trans 2","#006699","Avot interp 2","23b881d2-d99e-42c6-a800-6004e67a5cdd","published","master","mapAliasOf:Avot 2","true","bilingual","left","Avot V'Imahot","legacy-shabbat-morning:amidah.avot-vimahot@legacy-shabbat-morning#6.7.8.9.10.11.12.13.14/18","D11","as Avot interp 1","catalog map + content + ruling","high"
"9","Shab Morn 3","3","5","Oseh Shalom","#990033","Oseh Shalom","1c78286d-319b-4025-8e5d-578e2888855e","published","template","exact","true","bilingual","bottom","Oseh Shalom","amidah.oseh-shalom@legacy-shabbat-morning#0.1.2/3","","","","high"
"10","Shab Morn 4","0","1","Torah Shema","#990033","Torah Shema","5b21e5ef-e373-4ce8-a3da-f7a0b3f11162","published","master","exact","true","bilingual","bottom","Taking Out the Torah","legacy-shabbat-morning:torah.shma-procession-call@legacy-shabbat-morning#0.1.2.3/7","","","","high"
"10","Shab Morn 4","0","2","Before Haftarah","#012a3e","Haftarah Blessing BEFORE","3c41f85a-f1d7-4e74-8485-fb4f975b9b59","published","master","exact","true","bilingual","left","Before the Haftarah","legacy-shabbat-morning:torah.blessing-before-the-haftarah@legacy-shabbat-morning#0.1.2.3.4.5.6/8","","","","high"
"10","Shab Morn 4","0","3","Healing Names","#990033","Send Healing Names","80f96159-5989-42dd-9620-c617057f1014","published","master","exact","true","custom","bottom","Healing Prayers","","","","","high"
"10","Shab Morn 4","0","4","R'fa Tziri 1","#012a3e","Refa Tziri 1","c17839d9-3e42-4a6d-9de6-875c1ae61f48","published","new","exact","true","custom","left","R'fa Tziri","","","","","high"
"10","Shab Morn 4","0","5","Hag bahah","#006699","Hagbahah","7f230f94-33b8-4293-8911-a0fc20091650","published","master","exact","true","bilingual","left","Hagbahah","legacy-shabbat-morning:torah.vzot-hatorah@legacy-shabbat-morning#0.1/3","","","","high"
"10","Shab Morn 4","1","1","Before Torah","#006699","Aliyah Blessing BEFORE","3b97ec53-7979-4f12-aa9c-6a882c47f3a4","published","master","exact","true","bilingual","left","Blessings Before the Torah","legacy-shabbat-morning:torah.blessing-before-the-torah@legacy-shabbat-morning#0.1.2.3.4.5.6/10","","","","high"
"10","Shab Morn 4","1","2","After Haftarah 1","#012a3e","Haftarah Blessing AFTER 1","3985b540-d34d-4085-8f7f-1212b900c0d0","published","master","exact","true","bilingual","left","After the Haftarah 1","legacy-shabbat-morning:torah.blessings-after-the-haftarah@legacy-shabbat-morning#0.1.2.3.4/16","","","","high"
"10","Shab Morn 4","1","3","Mi Sheb","#006699","Mi Sheberach","1f826b16-c4df-4256-bfb0-befdec2f9f71","published","master","exact","true","custom","left","Prayer for Healing","","","","","high"
"10","Shab Morn 4","1","4","R'fa Tziri 2","#012a3e","Refa Tziri 2","eff3e584-6839-4e78-8c04-34518cbf8316","published","new","exact","true","custom","left","R'fa Tziri","","","","","high"
"10","Shab Morn 4","1","5","Eitz Chayim","#006699","Eitz Chayim","f1fcd94c-1ae7-4ef5-8941-0e13188204d9","published","master","exact","true","bilingual","left","Eitz Chayim","legacy-shabbat-morning:torah.eitz-chayim@legacy-shabbat-morning#0.1.2.3.4.5.6.7/9","","","","high"
"10","Shab Morn 4","2","1","After Torah","#006699","Aliyah Blessing AFTER","00d6d775-c932-4895-8e77-162dac8101d2","published","master","exact","true","bilingual","left","Blessing After the Torah","legacy-shabbat-morning:torah.blessing-after-the-torah@legacy-shabbat-morning#0.1.2.3.4/6","","","","high"
"10","Shab Morn 4","2","2","After Haftarah 2","#012a3e","Haftarah Blessing AFTER 2","053742de-cf3d-42e6-81b1-1f64e363f9ad","published","master","exact","true","bilingual","left","After the Haftarah 2","legacy-shabbat-morning:torah.blessings-after-the-haftarah@legacy-shabbat-morning#5.6.7.8.9.10/16","","","","high"
"10","Shab Morn 4","2","3","El Na Rafa Na La","#59011f","El Na R'fa Na","d541f3d2-f8c4-4a58-b733-579413e447c4","published","master","exact","true","bilingual","right","El Na R'fa Na Lah/Lo","legacy-shabbat-morning:torah.el-na-rfa-na@legacy-shabbat-morning#1/6","D10","only 'lah' line (block 1); 'lo' line (block 2) unused though title says Lah/Lo","content","high"
"10","Shab Morn 4","3","0","Guest Name","#000066","Guest Name","","UNMAPPED","","exact","false","template (content not in drafts export)","","","","D14","slot cue bb52a63a exists but deck on disk built without --slots","converter re-run","high"
"10","Shab Morn 4","3","2","After Haftarah 3","#012a3e","Haftarah Blessing AFTER 3","05ba9c7a-d3cc-4c1f-b90d-015c267510d5","published","master","exact","true","bilingual","left","After the Haftarah 3","legacy-shabbat-morning:torah.blessings-after-the-haftarah@legacy-shabbat-morning#10.11.12.13.14/16","","","","high"
"10","Shab Morn 4","3","3","Jim Mi Sheb","#012a3e","Jim Mi Sheb","2bfbe40e-ded5-4de3-8978-f347d9e99a83","published","new","exact","true","custom","left","Prayer for Healing","","","","","high"
"11","Shab Morn 5","0","0","Adon Olam 1","#006699","Adon Olam 1","a4c86b16-6677-46b8-ad39-871a2fb81224","published","master","exact","true","bilingual","left","Adon Olam","legacy-shabbat-morning:concluding.adon-olam@legacy-shabbat-morning#0.1.2.3.4.5.6.7/28","","","","high"
"11","Shab Morn 5","0","1","Aleinu 1","#006699","Aleinu 1","67693694-1802-4262-9121-3ebc42a53bde","published","master","exact","true","bilingual","left","Aleinu","legacy-shabbat-morning:concluding.aleinu@legacy-shabbat-morning#0.1.2.3.4.5/29","","","","high"
"11","Shab Morn 5","0","3","Kaddish Names","#990033","Send Kaddish Names","d0a1be50-2ee0-4604-81d6-c3083376bf89","published","master","exact","true","custom","bottom","Mourner's Kaddish","","","","","high"
"11","Shab Morn 5","0","5","Motzi","#990033","Motzi","0be48337-2cbf-4a89-82f5-a7280a36709e","published","master","exact","true","bilingual","bottom","Motzi","legacy-shabbat-morning:concluding.hamotzi@legacy-shabbat-morning#0.1/3","","","","high"
"11","Shab Morn 5","0","6","announcements","#000066","Announcements","3d18426f-f8b6-49f5-831c-fc35e0f58f40","published","master","exact","true","custom","bottom","Announcements","","","","","high"
"11","Shab Morn 5","1","0","Adon Olam 2","#006699","Adon Olam 2","7d337be4-8b25-4bbd-b532-87b8d0c7602c","published","master","exact","true","bilingual","left","Adon Olam","legacy-shabbat-morning:concluding.adon-olam@legacy-shabbat-morning#8.9.10.11.12.13.14.15/28","","","","high"
"11","Shab Morn 5","1","1","Aleinu 2","#006699","Aleinu 2","403eced5-770f-49f2-99bc-b8b2c2b59235","published","master","exact","true","bilingual","left","Aleinu","legacy-shabbat-morning:concluding.aleinu@legacy-shabbat-morning#6.7.8.9.10.11.12.13/29","","","","high"
"11","Shab Morn 5","1","1","Aleinu 2","#006699","Aleinu 3","d126a475-8cbe-476c-9584-a84761e8b888","published","master","exact","true","bilingual","left","Aleinu","legacy-shabbat-morning:concluding.aleinu@legacy-shabbat-morning#14.15.16.17.18.19.20.21/29","","","","high"
"11","Shab Morn 5","1","1","Aleinu 2","#006699","Aleinu 4","80e7acd3-ae25-4713-8c5b-d50cd9d792f1","published","master","exact","true","bilingual","left","Aleinu","legacy-shabbat-morning:concluding.aleinu@legacy-shabbat-morning#22.23.24.25/29","","","","high"
"11","Shab Morn 5","1","3","Kaddish 1","#006699","Mourners Kaddish 1","c2d2c129-7d7d-4bbc-a296-46cc1fb9f48e","published","template","exact","true","template (content not in drafts export)","","","","","","","medium"
"11","Shab Morn 5","1","5","Kiddush (short)","#990033","Kiddush (short)","bb2d1b64-95dc-47c2-bbc6-1451233dcf53","published","master","exact","true","bilingual","bottom","Kiddush","legacy-shabbat-morning:concluding.kiddush@legacy-shabbat-morning#0.1/3","D08","hagafen from morning book (identical wording to evening blocks 0-1 pending check)","none","medium"
"11","Shab Morn 5","1","6","Priestly Blessing","#990033","Birkat Kohanim","089cce61-085b-49e9-9ede-f6ec81f65789","published","master","exact","true","bilingual","bottom","Priestly Blessing ברכת כהנים","legacy-shabbat-morning:concluding.priestly-blessing@legacy-shabbat-morning#0.1.2.3/11","","","","high"
"11","Shab Morn 5","2","0","Adon Olam 3","#006699","Adon Olam 3","9bb328cb-f218-40e3-9e91-56864144af6a","published","master","exact","true","bilingual","left","Adon Olam","legacy-shabbat-evening:concluding.adon-olam@legacy-shabbat-evening#16.17.18.19/27","D17","panel 3 pinned to evening book while 1-2 pinned to morning book","provenance tidy","medium"
"11","Shab Morn 5","2","1","Aleinu 3","#006699","Aleinu 3","d126a475-8cbe-476c-9584-a84761e8b888","published","master","exact","true","bilingual","left","Aleinu","legacy-shabbat-morning:concluding.aleinu@legacy-shabbat-morning#14.15.16.17.18.19.20.21/29","","","","high"
"11","Shab Morn 5","2","3","Kaddish 2","#006699","Mourners Kaddish 2","f15c1944-da76-4d61-95c8-05c032d47c4d","published","template","exact","true","template (content not in drafts export)","","","","","","","medium"
"11","Shab Morn 5","2","5","Kiddush (full)","#006699","Kiddush (long)","e1a495c8-836c-4877-a2ac-06f3eec8ac1b","published","master","exact","true","bilingual","left","Kiddush","legacy-shabbat-evening:concluding.kiddush-evening@legacy-shabbat-evening#2.3.4.5.6.7.8.9/19","D08","CRC evening Kiddush blocks 2-9; continuation 10-14 ('Kiddush (long) 2', published) only on page 53; hagafen 0-1 only via Kiddush (short) from the morning book; no Vay'chulu in CRC book; Friday-evening text on the Saturday-morning page (inherited from Singular) - confirm","deck placement; variant decision","high"
"11","Shab Morn 5","2","6","thank you","#000066","Thank you","09f50803-3288-4b78-bcc7-560025668e1a","published","template","exact","true","template (content not in drafts export)","","","","","","","medium"
"11","Shab Morn 5","3","1","Aleinu 4","#006699","Aleinu 4","80e7acd3-ae25-4713-8c5b-d50cd9d792f1","published","master","exact","true","bilingual","left","Aleinu","legacy-shabbat-morning:concluding.aleinu@legacy-shabbat-morning#22.23.24.25/29","","","","high"
"11","Shab Morn 5","3","3","Kaddish 3","#006699","Mourners Kaddish 3","dbf354df-e399-4d8b-bcfc-c067cc3cf2fc","published","live","exact","true","bilingual","left","Mourner's Kaddish","legacy-shabbat-morning:concluding.mourners-kaddish@legacy-shabbat-morning#17.18.19.20.21.22.23/28","","","","high"
"11","Shab Morn 5","3","4","Oseh Shalom","#990033","Oseh Shalom","1c78286d-319b-4025-8e5d-578e2888855e","published","template","exact","true","bilingual","bottom","Oseh Shalom","amidah.oseh-shalom@legacy-shabbat-morning#0.1.2/3","","","","high"
"11","Shab Morn 5","3","5","Mazel Tov!","#990033","Mazel Tov","016b6fc4-6ff6-4a69-a42a-53f6403f846f","published","new","exact","true","custom","bottom","Mazel Tov","","","","","high"
"76","Kab Shab 1","0","2","Hareini","#990033","Hareini","e1bd7775-ddf1-468b-b3f7-ac98f11df958","published","template","exact","true","template (content not in drafts export)","","","","","","","medium"
"76","Kab Shab 1","0","4","shamor v'zachor","#006699","L'cha Dodi 1","e88c0333-db5f-4250-8afd-bbda364e39bb","published","master","exact","true","bilingual","left","L'Chah Dodi","shabbat-maariv:kabbalat.lcha-dodi@shabbat-maariv#0.1/29","D06","CRC 4-verse selection complete vs CRC evening book, but pinned to Shirei Shabbat text (spelling differs from CRC book); 5 further Shirei Shabbat verses have no cue","variant decision","high"
"76","Kab Shab 1","0","6","shalom aleichem","#006699","Shalom Aleichem 1","e88e67d2-da7f-4c37-9b62-8407391f3030","published","master","exact","true","bilingual","left","Shalom Aleichem","legacy-shabbat-evening:opening.angels-shalom-aleichem@legacy-shabbat-evening#0.1.2.3/17","","","","high"
"76","Kab Shab 1","1","2","Mah Tovu","#990033","Mah Tovu","bbd7c98b-f1de-41ee-9719-2bb27a30d0db","published","template","exact","true","bilingual","left","Mah Tovu / Hineih Mah Tov","awakening.mah-tovu@legacy-shabbat-morning#0.1.3.4/14 ; awakening.hineh-mah-tov@legacy-shabbat-morning#0.1/2","","","","high"
"76","Kab Shab 1","1","4","likrat shabbat","#006699","L'cha Dodi 2","79b44d3c-f2de-44ee-ac5a-6ca8961e7884","published","master","exact","true","bilingual","left","L'Chah Dodi","shabbat-maariv:kabbalat.lcha-dodi@shabbat-maariv#0.3/29","D06","as L'cha Dodi 1","variant decision","high"
"76","Kab Shab 1","1","6","boachem l'shalom","#006699","Shalom Aleichem 2","c358195e-5242-4bc1-8925-56dd7d24e18e","published","master","exact","true","bilingual","left","Shalom Aleichem","legacy-shabbat-evening:opening.angels-shalom-aleichem@legacy-shabbat-evening#4.5.6.7/17","","","","high"
"76","Kab Shab 1","2","2","Candle Lighting","#990033","Candle LIghting","8a23af54-3594-4346-afc1-bef5497a5bd7","published","master","exact","true","bilingual","bottom","Shabbat Candle Lighting","legacy-shabbat-evening:opening.candles-candle-blessing@legacy-shabbat-evening#0.1.2.3.4/6","","","","high"
"76","Kab Shab 1","2","4","hitoreri, hitoreri","#006699","L'cha Dodi 3","e6b242a4-22da-4008-b988-78145c53bfae","published","master","exact","true","bilingual","left","L'Chah Dodi","shabbat-maariv:kabbalat.lcha-dodi@shabbat-maariv#0.9/29","D06","verse 5 (hitoreri); as L'cha Dodi 1","variant decision","high"
"76","Kab Shab 1","2","6","barchuni l'shalom","#006699","Shalom Aleichem 3","63587034-db98-4786-9a23-f2fa74c8aa70","published","master","exact","true","bilingual","left","Shalom Aleichem","legacy-shabbat-evening:opening.angels-shalom-aleichem@legacy-shabbat-evening#8.9.10.11/17","","","","high"
"76","Kab Shab 1","3","4","boi vshalom","#006699","L'cha Dodi 4","62458934-4a41-46d0-8ade-e4f595a1c239","published","master","exact","true","bilingual","left","L'Chah Dodi","shabbat-maariv:kabbalat.lcha-dodi@shabbat-maariv#0.17/29","D06","verse 9 (bo'i v'shalom); as L'cha Dodi 1","variant decision","high"
"76","Kab Shab 1","3","6","tzeichem lshalom","#006699","Shalom Aleichem 4","b9ff38cb-ee87-4a0f-8ba0-6bffcf100891","published","master","exact","true","bilingual","left","Shalom Aleichem","legacy-shabbat-evening:opening.angels-shalom-aleichem@legacy-shabbat-evening#12.13.14.15/17","","","","high"
"76","Kab Shab 1","3","7","be right back","#000066","Be Right Back","8e486f11-e9f5-4c2e-bd5f-071707788c14","published","master","exact","true","custom","bottom","Central Reform Congregation","","","","","high"
"77","Kab Shab 2","0","1","Barchu","#990033","Barechu","efa9fad4-f7d5-4091-a708-82103028861b","published","template","exact","true","bilingual","bottom","Bar'chu בָּרְכוּ","shma.barchu@legacy-shabbat-morning#0.1/2","","","","high"
"77","Kab Shab 2","0","2","Veehavta 1","#006699","Veehavta 1","2ed003b5-5a9a-4923-8e1c-6722a69c0104","published","template","alias:vahavta 1","true","template (content not in drafts export)","","","","","","","medium"
"77","Kab Shab 2","0","4","Mi Chamocha","#006699","Mi Chamocha (Friday) 1","e8f2c035-e88e-4744-ab70-8625f9a77025","published","master","exact","true","bilingual","left","Mi Chamochah","legacy-shabbat-evening:shma.mi-chamochah@legacy-shabbat-evening#0.1.2.3.4.5.6/16","","","","high"
"77","Kab Shab 2","0","6","Hashkiveinu","#006699","Hashkiveinu (plain)","1f1df522-f4c4-4fd3-9c20-14c6b52c54d9","published","master","exact","true","bilingual","left","Hashkiveinu","legacy-shabbat-evening:shma.hashkiveinu@legacy-shabbat-evening#3.4.5.6.7/16","","","","high"
"77","Kab Shab 2","1","1","Shema","#990033","Shema","042e53fd-2f77-4b30-a951-13e7889e2297","published","master","exact","true","bilingual","bottom","The Sh'ma שְׁמַע","legacy-shabbat-evening:shma.the-shma@legacy-shabbat-evening#0.1.2/8","","","","high"
"77","Kab Shab 2","1","2","(ukshartam l'ot)","#006699","Veehavta 2","4343d861-686f-449a-9f4e-2943da5a59db","published","template","alias:vahavta 2","true","bilingual","left","V'ahavta","shma.vahavta@legacy-shabbat-morning#9.10.11.12.13.14.15.16.17.18/19","","","","medium"
"77","Kab Shab 2","1","4","(...v'nemar ki fada)","#006699","Mi Chamocha (Friday) 2","7514e0b4-212a-4687-a153-9c6eb602e82d","published","master","exact","true","bilingual","left","Mi Chamochah","legacy-shabbat-evening:shma.mi-chamochah@legacy-shabbat-evening#7.8.9.10/16","","","","high"
"77","Kab Shab 2","1","6","Veshamru","#006699","Veshamru","ad0a8bf7-9245-4c12-a78c-30f9f012fa16","published","master","alias:vshamru","true","bilingual","left","V'shamru","legacy-shabbat-evening:shma.vshamru@legacy-shabbat-evening#4.5.6.7.8.9.10.11/16","","","","medium"
"77","Kab Shab 2","2","4","Siyahamba","#006699","Siyahamba","219230a4-5d95-40b6-876c-9492db9fbaef","published","template","exact","true","template (content not in drafts export)","","","","","","","medium"
"77","Kab Shab 2","3","7","be right back","#000066","Be Right Back","8e486f11-e9f5-4c2e-bd5f-071707788c14","published","master","exact","true","custom","bottom","Central Reform Congregation","","","","","high"
"78","Kab Shab 3","0","1","Adonai Sifatai","#990033","Adonai Sifatai","ef645335-1f59-4e0f-8aae-fbd176dc13c8","published","master","exact","true","bilingual","bottom","Adonai S'fatai","legacy-shabbat-morning:amidah.we-open-our-lips@legacy-shabbat-morning#0/2","","","","high"
"78","Kab Shab 3","0","2","(silent prayer)","#990033","Silent Prayer","bf4eb2c9-fe1f-44bd-87ab-cc64186cd4f9","published","master","exact","true","custom","right","T'filah תְּפִלָּה","","D16","title-only label card ('Silent Prayer'), right layout; behaves as designed","content/layout (Packet A)","medium"
"78","Kab Shab 3","0","4","Oseh Shalom","#990033","Oseh Shalom","1c78286d-319b-4025-8e5d-578e2888855e","published","template","exact","true","bilingual","bottom","Oseh Shalom","amidah.oseh-shalom@legacy-shabbat-morning#0.1.2/3","","","","high"
"78","Kab Shab 3","0","6","Mi Shebeirach","#006699","Mi Sheberach","1f826b16-c4df-4256-bfb0-befdec2f9f71","published","master","exact","true","custom","left","Prayer for Healing","","","","","high"
"78","Kab Shab 3","1","4","Shalom Rav","#006699","Shalom Rav","feaacb05-dcb8-461e-8d49-ee1ded5b0596","published","master","exact","true","bilingual","left","Shalom Rav","legacy-shabbat-evening:amidah.shalom-rav@legacy-shabbat-evening#0.1.2.3.4.5.6.7.8/12","","","","high"
"78","Kab Shab 3","3","7","be right back","#000066","Be Right Back","8e486f11-e9f5-4c2e-bd5f-071707788c14","published","master","exact","true","custom","bottom","Central Reform Congregation","","","","","high"
